<?xml version="1.0" encoding="UTF-8"?>
<project-private xmlns="http://www.netbeans.org/ns/project-private/1">
    <editor-bookmarks xmlns="http://www.netbeans.org/ns/editor-bookmarks/2" lastBookmarkId="0"/>
    <open-files xmlns="http://www.netbeans.org/ns/projectui-open-files/2">
        <group>
            <file>file:/D:/Proyectos%20NetBeans/bono1Java/src/bono1java/libros.txt</file>
            <file>file:/D:/Proyectos%20NetBeans/bono1Java/src/bono1java/Archivo.java</file>
            <file>file:/D:/Proyectos%20NetBeans/bono1Java/src/bono1java/Bono1Java.java</file>
            <file>file:/D:/Proyectos%20NetBeans/bono1Java/src/bono1java/Libro.java</file>
        </group>
    </open-files>
</project-private>
